|orden_agencia|agencia|agencia_homol|rating|rating_norma|orden_norma
0|1|S&P|SP|AAA|AAA|1
1|1|S&P|SP|AA+|AA+|2
2|1|S&P|SP|AA|AA|3
3|1|S&P|SP|AA-|AA-|4
4|1|S&P|SP|A+|A+|5
5|1|S&P|SP|A|A|6
6|1|S&P|SP|A-|A-|7
7|1|S&P|SP|BBB+|BBB+|8
8|1|S&P|SP|BBB|BBB|9
9|1|S&P|SP|BBB-|BBB-|10
10|1|S&P|SP|BB+|BB+|11
11|1|S&P|SP|BB|BB|12
12|1|S&P|SP|BB-|BB-|13
13|1|S&P|SP|B+|B+|14
14|1|S&P|SP|B|B|15
15|1|S&P|SP|B-|B-|16
16|1|S&P|SP|CCC+|CCC+|17
17|1|S&P|SP|CCC|CCC|18
18|1|S&P|SP|CCC-|CCC-|19
19|1|S&P|SP|CC|CC|20
20|1|S&P|SP|D|D|21
21|1|S&P|SP|SD|D|21
22|1|Moodys|MDY|Aaa|AAA|1
23|1|Moodys|MDY|Aa1|AA+|2
24|1|Moodys|MDY|Aa2|AA|3
25|1|Moodys|MDY|Aa3|AA-|4
26|1|Moodys|MDY|A1|A+|5
27|1|Moodys|MDY|A2|A|6
28|1|Moodys|MDY|A3|A-|7
29|1|Moodys|MDY|Baa1|BBB+|8
30|1|Moodys|MDY|Baa2|BBB|9
31|1|Moodys|MDY|Baa3|BBB-|10
32|1|Moodys|MDY|Ba1|BB+|11
33|1|Moodys|MDY|Ba2|BB|12
34|1|Moodys|MDY|Ba3|BB-|13
35|1|Moodys|MDY|B1|B+|14
36|1|Moodys|MDY|B2|B|15
37|1|Moodys|MDY|B3|B-|16
38|1|Moodys|MDY|Caa1|CCC+|17
39|1|Moodys|MDY|Caa2|CCC|18
40|1|Moodys|MDY|Caa3|CCC-|19
41|1|Moodys|MDY|C|CC|20
42|1|FitchRatings|FITCH|AAA|AAA|1
43|1|FitchRatings|FITCH|AA+|AA+|2
44|1|FitchRatings|FITCH|AA|AA|3
45|1|FitchRatings|FITCH|AA-|AA-|4
46|1|FitchRatings|FITCH|A+|A+|5
47|1|FitchRatings|FITCH|A|A|6
48|1|FitchRatings|FITCH|A-|A-|7
49|1|FitchRatings|FITCH|BBB+|BBB+|8
50|1|FitchRatings|FITCH|BBB|BBB|9
51|1|FitchRatings|FITCH|BBB-|BBB-|10
52|1|FitchRatings|FITCH|BB+|BB+|11
53|1|FitchRatings|FITCH|BB|BB|12
54|1|FitchRatings|FITCH|BB-|BB-|13
55|1|FitchRatings|FITCH|B+|B+|14
56|1|FitchRatings|FITCH|B|B|15
57|1|FitchRatings|FITCH|B-|B-|16
58|1|FitchRatings|FITCH|CCC+|CCC+|17
59|1|FitchRatings|FITCH|CCC|CCC|18
60|1|FitchRatings|FITCH|CCC-|CCC-|19
61|1|FitchRatings|FITCH|CC|CC|20
62|1|FitchRatings|FITCH|C|D|21
63|1|FitchRatings|FITCH|DD|D|21
64|1|DBRS|DBRS|AAA|AAA|1
65|1|DBRS|DBRS|AA|AA+|2
66|1|DBRS|DBRS|A|A+|5
67|1|DBRS|DBRS|BBB|BBB+|8
68|1|DBRS|DBRS|BB|BB+|11
69|1|DBRS|DBRS|B|B+|14
70|1|DBRS|DBRS|CCC|CCC+|17
71|1|DBRS|DBRS|CC|CCC|18
72|1|DBRS|DBRS|C|CCC-|19
73|1|DBRS|DBRS|D|CC|20
74|2|Feller-Rate|FR|AAA|AAA|1
75|2|Feller-Rate|FR|AA+|AA+|2
76|2|Feller-Rate|FR|AA|AA|3
77|2|Feller-Rate|FR|AA-|AA-|4
78|2|Feller-Rate|FR|A+|A+|5
79|2|Feller-Rate|FR|A|A|6
80|2|Feller-Rate|FR|A-|A-|7
81|2|Feller-Rate|FR|BBB+|BBB+|8
82|2|Feller-Rate|FR|BBB|BBB|9
83|2|Feller-Rate|FR|BBB-|BBB-|10
84|2|Feller-Rate|FR|BB+|BB+|11
85|2|Feller-Rate|FR|BB|BB|12
86|2|Feller-Rate|FR|BB-|BB-|13
87|2|Feller-Rate|FR|B+|B+|14
88|2|Feller-Rate|FR|B|B|15
89|2|Feller-Rate|FR|B-|B-|16
90|2|Feller-Rate|FR|CCC+|CCC+|17
91|2|Feller-Rate|FR|CCC|CCC|18
92|2|Feller-Rate|FR|CCC-|CCC-|19
93|2|Feller-Rate|FR|CC|CC|20
94|2|Feller-Rate|FR|D|D|21
95|2|Feller-Rate|FR|SD|D|21
96|3|Humphreys|HPY|AAA|AAA|1
97|3|Humphreys|HPY|AA+|AA+|2
98|3|Humphreys|HPY|AA|AA|3
99|3|Humphreys|HPY|AA-|AA-|4
100|3|Humphreys|HPY|A+|A+|5
101|3|Humphreys|HPY|A|A|6
102|3|Humphreys|HPY|A-|A-|7
103|3|Humphreys|HPY|BBB+|BBB+|8
104|3|Humphreys|HPY|BBB|BBB|9
105|3|Humphreys|HPY|BBB-|BBB-|10
106|3|Humphreys|HPY|BB+|BB+|11
107|3|Humphreys|HPY|BB|BB|12
108|3|Humphreys|HPY|BB-|BB-|13
109|3|Humphreys|HPY|B+|B+|14
110|3|Humphreys|HPY|B|B|15
111|3|Humphreys|HPY|B-|B-|16
112|3|Humphreys|HPY|CCC+|CCC+|17
113|3|Humphreys|HPY|CCC|CCC|18
114|3|Humphreys|HPY|CCC-|CCC-|19
115|3|Humphreys|HPY|CC|CC|20
116|3|Humphreys|HPY|D|D|21
117|3|Humphreys|HPY|SD|D|21
118|4|ICR|ICR|AAA|AAA|1
119|4|ICR|ICR|AA|AA+|2
120|4|ICR|ICR|A|A+|5
121|4|ICR|ICR|BBB|BBB+|8
122|4|ICR|ICR|BB|BB+|11
123|4|ICR|ICR|B|B+|14
124|4|ICR|ICR|CCC|CCC+|17
125|4|ICR|ICR|CC|CCC|18
126|4|ICR|ICR|C|CCC-|19
127|4|ICR|ICR|D|CC|20
128|4|ICR|ICR|E|D|21
